category,author,rank,publish_date,title,url
超优质,小Lin说,1,12-29,【年度总结】一口气了解2025年的全球经济,https://www.bilibili.com/video/BV111BeBPEaD/
超优质,小Lin说,2,12-26,"""十五五"" 规划里，藏了什么重点？",https://www.bilibili.com/video/BV1tnBZBBEmG/
超优质,小Lin说,3,12-18,同一款药价格差3倍，中国药价体系背后有何玄机？,https://www.bilibili.com/video/BV18KqpBMEiw/
超优质,小Lin说,4,12-15,日本财团，背后有什么玄机？,https://www.bilibili.com/video/BV1ppmCBVEww/
超优质,小Lin说,5,12-11,一口气了解赌球,https://www.bilibili.com/video/BV1NQmTBmEj5/
超优质,小Lin说,6,11-14,GDP是会骗人的 | 一口气了解GDP,https://www.bilibili.com/video/BV1EjCgBeEn5/
超优质,小Lin说,7,10-25,那些被制裁最最严重的国家，都怎么样了?,https://www.bilibili.com/video/BV1qVsRzbEQ2/
超优质,小Lin说,8,10-15,"全球乱跑的""最贵""视频，看我发现了什么…？",https://www.bilibili.com/video/BV1wK4vznEW3/
超优质,小Lin说,9,10-12,美元暴跌的背后...,https://www.bilibili.com/video/BV14U4uzRE1X/
超优质,小Lin说,10,09-16,一口气了解伊朗经济,https://www.bilibili.com/video/BV1MEp1z7EAx/
超优质,小Lin竖着说,1,12-03,退休之后，到底能领多少养老金？,https://www.bilibili.com/video/BV1P3SkBSEVJ/
超优质,小Lin竖着说,2,12-01,香港大火背后：高层住宅困局怎么解？,https://www.bilibili.com/video/BV1gnSCBaEGR/
超优质,小Lin竖着说,3,11-28,"星巴克中国""卖身""，9.9的时代要来了吗？",https://www.bilibili.com/video/BV1HTSLBqE44/
超优质,小Lin竖着说,4,11-23,中美谈判桌上的新玩家，竟然是...?,https://www.bilibili.com/video/BV1TFUpBaExm/
超优质,小Lin竖着说,5,11-09,一边骂烂俗一边追更，短剧凭什么让各国人停不下来？,https://www.bilibili.com/video/BV1pD1mBXEhc/
超优质,小Lin竖着说,6,11-05,超市圈老大哥的商业秘密... (不是广告，放心看吧~),https://www.bilibili.com/video/BV1UL1WBbETX/
超优质,小Lin竖着说,7,10-31,今天来聊聊A股，最近为什么支棱起来了？,https://www.bilibili.com/video/BV1kc1uBkEtL/
超优质,小Lin竖着说,8,10-30,来了趟大东北，发现大米竟然还能...?,https://www.bilibili.com/video/BV139yhBXEyT/
超优质,小Lin竖着说,9,10-23,"关税""吵""得火热，实际影响是...?",https://www.bilibili.com/video/BV1ADsBzFE8q/
超优质,小Lin竖着说,10,09-30,中美AI芯片博弈啥情况？国产芯片到底能达到什么水平？,https://www.bilibili.com/video/BV1Ern2zeEqy/
超优质,罗永浩的十字路口,1,8小时前,这个对《勇敢的心》的拙劣模仿，现场颇受好评。,https://www.bilibili.com/video/BV1wPveBHEGk/
超优质,罗永浩的十字路口,2,12-25,【正片】影石Insta360 创始人刘靖康×罗永浩！比生存更重要的是那些微小的念头,https://www.bilibili.com/video/BV1yhBjBSEzn/
超优质,罗永浩的十字路口,3,12-24,年轻企业家的小礼物居然是……非常感谢！12 月 25 日中午 12 点，看看 Insta360 创始人刘靖康给老罗带来了什么刺激。,https://www.bilibili.com/video/BV1y5B7BnEyf/
超优质,罗永浩的十字路口,4,12-24,这又是一个标准的爽文男主型人生......12 月 25 日中午 12 点，听听天才少年，Insta360 创始人刘靖康让人过瘾的创业故事。,https://www.bilibili.com/video/BV1KxB5BjEjW/
超优质,罗永浩的十字路口,5,12-19,12月22号中午12点，十字路口的年度科技创新分享大会将会准时放票,https://www.bilibili.com/video/BV1GrqoBGEDV/
超优质,罗永浩的十字路口,6,12-17,【正片】导演大鹏×罗永浩！我这两辈子,https://www.bilibili.com/video/BV1jMqgBEERW/
超优质,罗永浩的十字路口,7,12-10,【正片】MiniMax 创始人闫俊杰×罗永浩！大山并非无法翻越,https://www.bilibili.com/video/BV11NmtBzE36/
超优质,罗永浩的十字路口,8,12-02,“罗永浩的十字路口”之年度科技创新分享大会（2025）将于今年12月30日在上海召开。,https://www.bilibili.com/video/BV1ttSpBTEZo/
超优质,罗永浩的十字路口,9,11-28,【正片】导演毕赣×罗永浩！清醒、深刻、独一无二的造梦者,https://www.bilibili.com/video/BV1ECSuBUEqt/
超优质,罗永浩的十字路口,10,11-20,【正片】何同学×罗永浩！青年何同学的骄傲与烦恼,https://www.bilibili.com/video/BV1G7yGBvEqs/
超优质,稚晖君,1,10-28,【灵犀X2】有灵创学得就是快，当机器人开始跳机械舞～,https://www.bilibili.com/video/BV1QtyzBkEXZ/
超优质,稚晖君,2,10-24,【灵创平台】不用写代码，也能训练机器人？全球首个0代码创作平台来了！,https://www.bilibili.com/video/BV1dhsJzFESF/
超优质,稚晖君,3,09-28,【开发日记】灵犀现学现卖，又是被X2可爱到的一天～,https://www.bilibili.com/video/BV1ELnRzWEaW/
超优质,稚晖君,4,09-18,【灵犀X2】它快要学会人类的一切动作了...（好努力一机器人）,https://www.bilibili.com/video/BV1eMpizAEcg/
超优质,稚晖君,5,08-27,拆解未来，灵犀X2-W原型机渲染细节,https://www.bilibili.com/video/BV1u2e1zEEPf/
超优质,稚晖君,6,08-21,【硬核】新灵犀将以轮臂形态出击，X2-W作业智能机器人,https://www.bilibili.com/video/BV1w2Y9z4EWb/
超优质,稚晖君,7,07-05,【硬核】运动智能新物种：灵犀X2-N成长记录~,https://www.bilibili.com/video/BV13p3mzAELS/
超优质,稚晖君,8,05-16,【硬核】灵犀DLC：X2学会新技能了！,https://www.bilibili.com/video/BV1pmEJzoEYf/
超优质,稚晖君,9,03-11,【硬核】我们造了一个跟人一样灵动的机器人！,https://www.bilibili.com/video/BV1JYRjYoEzE/
超优质,稚晖君,10,2024-08-18,2024智元年度新品发布会全程回顾,https://www.bilibili.com/video/BV1xU411U7PW/
超优质,影视飓风,1,20小时前,千万粉丝博主潘天鸿：透过小屏幕，带你探索大世界,https://www.bilibili.com/video/BV1cAvaB5ENH/
超优质,影视飓风,2,12-27,带着100万...我们去了论文代写聚集地,https://www.bilibili.com/video/BV1vhBBBFEzQ/
超优质,影视飓风,3,12-25,去北极圈能拍到什么？,https://www.bilibili.com/video/BV195BDBbEtd/
超优质,影视飓风,4,12-23,恶心所有人的视频，为什么期期爆款？,https://www.bilibili.com/video/BV1GJBTBTEyA/
超优质,影视飓风,5,12-19,去了一趟土耳其。,https://www.bilibili.com/video/BV1C1qZBtEJA/
超优质,影视飓风,6,12-17,对话卡梅隆！阿凡达3是怎么拍的？,https://www.bilibili.com/video/BV1sZqeBwEDs/
超优质,影视飓风,7,12-15,这几年，电视画质为什么变差了...,https://www.bilibili.com/video/BV1acmCBtEst/
超优质,影视飓风,8,12-11,做电商8年，我们学到了什么？,https://www.bilibili.com/video/BV15GmMBPEUm/
超优质,影视飓风,9,12-09,零下20度的长白山长什么样？,https://www.bilibili.com/video/BV1wK2QBPEDv/
超优质,影视飓风,10,12-07,去了一趟澳洲-昆士兰,https://www.bilibili.com/video/BV1V32RB4E2a/
超优质,亿点点不一样,1,15小时前,我“歪七扭八”的不良体态，还能救回来吗？,https://www.bilibili.com/video/BV1iXv8BwELN/
超优质,亿点点不一样,2,12-25,连吃高油高糖食物一周，这是我们身体发生的变化...,https://www.bilibili.com/video/BV186BLBREUM/
超优质,亿点点不一样,3,12-01,我们拍到了大白鲨！,https://www.bilibili.com/video/BV1YWSiBjEZ2/
超优质,亿点点不一样,4,11-07,实弹测试！防弹衣能挡住多快的子弹？,https://www.bilibili.com/video/BV1mr2MBJEiA/
超优质,亿点点不一样,5,10-31,实拍！癌症是怎么被机器人切除的？,https://www.bilibili.com/video/BV1tm1KByEDX/
超优质,亿点点不一样,6,10-17,在膝盖上钻洞？我们拍下了骨科手术全过程！,https://www.bilibili.com/video/BV1MoW7zrEsc/
超优质,亿点点不一样,7,09-25,1秒变色是特效？这才是变色龙真正的变色过程！,https://www.bilibili.com/video/BV1Cfn4zJEyR/
超优质,亿点点不一样,8,09-19,连续3天不卸妆，我的皮肤发生了什么……,https://www.bilibili.com/video/BV1KQW3zDE36/
超优质,亿点点不一样,9,09-04,亲身实测！熬夜48小时，我的身体出现了变化……,https://www.bilibili.com/video/BV1SLaUzEEdB/
超优质,亿点点不一样,10,08-31,世界各地的人，是如何擦屁股的？,https://www.bilibili.com/video/BV1jAhkzgEGt/
超优质,林亦LYi,1,12-24,荣耀VS豆包：AI手机的不同解法,https://www.bilibili.com/video/BV1EtB7BrEk4/
超优质,林亦LYi,2,12-19,为什么微信能让苹果低头做人？,https://www.bilibili.com/video/BV188qZBBEug/
超优质,林亦LYi,3,12-14,真有人搞鸿蒙开发吗？,https://www.bilibili.com/video/BV18bmdBoEyL/
超优质,林亦LYi,4,12-12,独立游戏的春天？AI强爆了！,https://www.bilibili.com/video/BV1RQm7BtE89/
超优质,林亦LYi,5,12-06,打破苹果垄断？Mate 80如何破局手机直播,https://www.bilibili.com/video/BV1z729BYEde/
超优质,林亦LYi,6,11-29,决战A股！全公司AI炒股一个月，谁会杀出重围？,https://www.bilibili.com/video/BV18HUZBPE5w/
超优质,林亦LYi,7,11-21,为什么“抽卡”让游戏越来越不好玩？,https://www.bilibili.com/video/BV12vUjBVEcH/
超优质,林亦LYi,8,11-14,谁偷走了我们的手机空间？,https://www.bilibili.com/video/BV1sACgBVEWK/
超优质,林亦LYi,9,11-07,为什么苹果越来越“听劝”了？,https://www.bilibili.com/video/BV1V523BiEX7/
超优质,林亦LYi,10,10-23,2025了，手机AI变好用了吗？,https://www.bilibili.com/video/BV1G8sVzqEtH/
超优质,青蛙刀圣1993,1,11-25,旅游打卡2000年教堂文化，一口气极速浏览教堂通识，就可以冒充导游了！,https://www.bilibili.com/video/BV1nTUrBzE1n/
超优质,青蛙刀圣1993,2,11-23,我们的语言何止是交流的工具，更是...... |揭开语言的面纱，难道真的自性本空？,https://www.bilibili.com/video/BV1AeUABqEyk/
超优质,青蛙刀圣1993,3,10-14,超级脑洞，8项奥斯卡提名，揭开语言的奥秘(上),https://www.bilibili.com/video/BV1NU4XzyEKS/
超优质,青蛙刀圣1993,4,08-02,少林CEO都被抓了，别再往功德箱里投 许愿钱 了！方丈一定会帮你超额实现的！,https://www.bilibili.com/video/BV1eNhhzuE5z/
超优质,青蛙刀圣1993,5,07-12,十字军杀了我们的人，但我放下了宗教仇恨的执着 | 萨拉丁【天国王朝(4/4)】,https://www.bilibili.com/video/BV1zmMQzDEod/
超优质,青蛙刀圣1993,6,07-05,教皇说这是上帝的战争，人性却说这是不义的杀戮【天国王朝(3/4)】,https://www.bilibili.com/video/BV1YC3DzLE4N/
超优质,青蛙刀圣1993,7,06-28,一场1000年前的无差别屠杀，挑起了耶路撒冷的战争漩涡【天国王朝(2/4)】,https://www.bilibili.com/video/BV1CjKmzBEPx/
超优质,青蛙刀圣1993,8,06-21,这部电影还原了一千年前，耶路撒冷的杀戮、仇恨与狂热【天国王朝(1/4)】,https://www.bilibili.com/video/BV1F6KczqETs/
超优质,青蛙刀圣1993,9,05-25,这就是道家？一口气解惑，极致浓缩中国2500年前的智慧(下),https://www.bilibili.com/video/BV1qNjgzmETQ/
超优质,青蛙刀圣1993,10,04-30,31岁毫无天赋，用最笨、最不科学的方法硬弹3年 | 想要学琴的你也来打卡吧！,https://www.bilibili.com/video/BV1QZGQzmEgW/
历史区,小约翰可汗,1,12-26,赠予沙阿（上） 伊朗·1951,https://www.bilibili.com/video/BV1oMBUBREK8/
历史区,小约翰可汗,2,12-08,乌兹别克棉花案是如何结束的？【神奇组织44】,https://www.bilibili.com/video/BV1ne2rBPEYi/
历史区,小约翰可汗,3,12-05,如何扳倒勋宗大驸马？【神奇组织43】,https://www.bilibili.com/video/BV1gd28BnETG/
历史区,小约翰可汗,4,11-19,汉祚何绝——王莽和他的超自然帝国【小约翰】,https://www.bilibili.com/video/BV14myuB7EPv/
历史区,小约翰可汗,5,11-04,左右横跳式外交之我的国家只有0.1%T【小约翰】,https://www.bilibili.com/video/BV1L11vBBEsW/
历史区,小约翰可汗,6,10-31,绩效人如何种棉花？【神奇组织42】,https://www.bilibili.com/video/BV1Diy8BLEvG/
历史区,小约翰可汗,7,10-24,谁是乌兹别克的可汗？【神奇组织41】,https://www.bilibili.com/video/BV1fps7zoE8c/
历史区,小约翰可汗,8,10-15,关于为了波多黎各独立去刺杀总统这件事【神奇组织40】,https://www.bilibili.com/video/BV1L84XzoE2a/
历史区,小约翰可汗,9,09-20,苏联第一主理人下场如何？【神奇组织39】,https://www.bilibili.com/video/BV1yDWuzkEsv/
历史区,小约翰可汗,10,09-08,苏联最好的商店是哪？【神奇组织38】,https://www.bilibili.com/video/BV1pcY7zHE8L/
历史区,渤海小吏,1,21小时前,【英烈祭】张巡殉国！诗在！书在！青史在！华夏就在！,https://www.bilibili.com/video/BV1exvmBCExz/
历史区,渤海小吏,2,12-25,血战香积寺！西北军区VS东北军区！盛唐武德的终极汇报演出！,https://www.bilibili.com/video/BV1K3B7BHEjV/
历史区,渤海小吏,3,12-21,【硬核】他不是皇帝，却夺舍吸干了一个王朝【改革三部曲终章】,https://www.bilibili.com/video/BV1nVqzBqE92/
历史区,渤海小吏,4,12-17,杨贵妃之死，一鲸落，万物生，乱世打翻了调色板,https://www.bilibili.com/video/BV1ZrqbBqEyc/
历史区,渤海小吏,5,12-10,"强梁一梦，孙猛虎的""为他人作嫁衣裳""之路",https://www.bilibili.com/video/BV1AK2QBPE23/
历史区,渤海小吏,6,12-04,深度|| 中国古代史拐点，李隆基为什么逼哥舒翰出潼关？,https://www.bilibili.com/video/BV1TUShBRE4Z/
历史区,渤海小吏,7,11-27,安史之乱|| 盛唐梦碎！烟尘千里！渔阳鼙鼓动地来！,https://www.bilibili.com/video/BV1TpUYB4EjH/
历史区,渤海小吏,8,11-22,"【硬核】众人皆醉我独醒的""帝国撕裂师""，然后呢？",https://www.bilibili.com/video/BV1oaULB4E2U/
历史区,渤海小吏,9,11-15,"深度||""出将入相""的崩塌，大唐为什么那么多夷人节度使？",https://www.bilibili.com/video/BV13sCKBkEFi/
历史区,渤海小吏,10,11-05,"从1700年前的""夷命贵""运动，看大洋彼岸的""血玫瑰""怎样花开？",https://www.bilibili.com/video/BV1eN1yBoEK7/
创意区,手工耿,1,11-21,我给挖掘机做了一柄大刀,https://www.bilibili.com/video/BV1CpyPBFEHC/
创意区,手工耿,2,11-01,轮椅助推器,https://www.bilibili.com/video/BV1wa15BZEk8/
创意区,手工耿,3,09-29,我新研制了一个关于老年痴呆的机器,https://www.bilibili.com/video/BV1FynzzEEUK/
创意区,手工耿,4,06-11,做了一个钛合金鱼缸支架,https://www.bilibili.com/video/BV1oeMEznEj2/
创意区,手工耿,5,05-16,自制多胞胎婴儿车，奶爸神器,https://www.bilibili.com/video/BV1dRE4zNEdg/
创意区,手工耿,6,01-22,自制招财猫打雪仗机甲,https://www.bilibili.com/video/BV1pEwvevEYU/
创意区,手工耿,7,01-09,上B站！弹幕看春晚,https://www.bilibili.com/video/BV1XbrYY4E35/
创意区,手工耿,8,2024-12-17,育娃波浪鼓,https://www.bilibili.com/video/BV1L4kEY4Epn/
创意区,手工耿,9,2024-12-06,我给德爷制作了一条荒野求生腰带,https://www.bilibili.com/video/BV1QiiiYDEAz/
创意区,手工耿,10,2024-10-30,做了一根大慈大悲钓鱼竿,https://www.bilibili.com/video/BV1zpS3YhE4a/
创意区,老师好我叫何同学,1,11-20,【正片】何同学×罗永浩！青年何同学的骄傲与烦恼,https://www.bilibili.com/video/BV1G7yGBvEqs/
创意区,老师好我叫何同学,2,11-18,为了帮粉丝放牛，我们做了这个...,https://www.bilibili.com/video/BV17PygBiETq/
创意区,老师好我叫何同学,3,09-17,【何同学】最听劝的一代，但是... iPhone 17系列首发体验,https://www.bilibili.com/video/BV1uCptzTEt8/
创意区,老师好我叫何同学,4,08-08,【何同学】我们拍到了7500光年外的风景…,https://www.bilibili.com/video/BV1Tct1ztE26/
创意区,老师好我叫何同学,5,07-25,为了不用擦白板，我们做了这个...,https://www.bilibili.com/video/BV18LbDzjE5V/
创意区,老师好我叫何同学,6,07-12,【何同学】为了不用倒垃圾，我们做了这个...,https://www.bilibili.com/video/BV1JDMQzUEwy/
创意区,老师好我叫何同学,7,06-22,【何同学】五年前，我见到了微软的秘密手机...,https://www.bilibili.com/video/BV11YNQzJEQY/
创意区,老师好我叫何同学,8,06-16,这不是特效，是3D打印。,https://www.bilibili.com/video/BV1msMiznE6b/
创意区,老师好我叫何同学,9,05-16,【何同学】边充边玩伤电池？24部手机，6个月，告诉你更好的充电方式,https://www.bilibili.com/video/BV1kPE4zgE7y/
创意区,老师好我叫何同学,10,04-27,【何同学】我们做了个特别的键盘…,https://www.bilibili.com/video/BV1DtjAzUEb9/
创意区,摄影师云飞,1,20小时前,我用小米15U换了17U，才抵了3000多，但徕卡版是真的香？,https://www.bilibili.com/video/BV1DkvhBZE3g/
创意区,摄影师云飞,2,12-27,小米手表5首发体验：用手势控制米家生态？,https://www.bilibili.com/video/BV11oBkBZEQE/
创意区,摄影师云飞,3,12-25,小米 17 Ultra 首发影像体验：对比15U 这颗变焦镜头强在哪？,https://www.bilibili.com/video/BV1x5BQBEEc4/
创意区,摄影师云飞,4,12-22,普通人用AI 1 小时做一段动画 ？试了《蓝溪镇》...真香~【实战分享】,https://www.bilibili.com/video/BV14jBHBvEeY/
创意区,摄影师云飞,5,12-18,你对相册修图开发不足10% ？超级小爱AI修图 严重低估！,https://www.bilibili.com/video/BV1D6qnBKEMo/
创意区,摄影师云飞,6,12-15,2000元投影仪横评后，我为什么最后选了极米Z6X Pro？,https://www.bilibili.com/video/BV1DxmyBFERy/
创意区,摄影师云飞,7,12-14,红米手表6升级很大，但有两个点..让我不满意,https://www.bilibili.com/video/BV1JgmvBJE3B/
创意区,摄影师云飞,8,12-12,图传 VS 监视器，到底啥区别？猛玛微影 / 极影5/7 实测教你怎么选,https://www.bilibili.com/video/BV1T1mEBHEvV/
创意区,摄影师云飞,9,12-07,全网首发！小米 Miloco 完整安装教程来了：99% 的人根本想不到…它居然,https://www.bilibili.com/video/BV1ux2fBYEhc/
创意区,摄影师云飞,10,12-04,五款旗舰耳夹式蓝牙耳机深度对比:音质、佩戴、漏音、通话 一个视频给你答案,https://www.bilibili.com/video/BV1zr2eBLE9z/
创意区,★⑥檤轮囬★,1,11-23,找妹妹,https://www.bilibili.com/video/BV1rZUwBwEgs/
创意区,★⑥檤轮囬★,2,11-01,一年之期已到！,https://www.bilibili.com/video/BV1F61jBFE4r/
创意区,★⑥檤轮囬★,3,10-10,老婆，别杀我！,https://www.bilibili.com/video/BV1YDxCztERj/
创意区,★⑥檤轮囬★,4,10-05,女装大佬？,https://www.bilibili.com/video/BV1fixazMEHm/
创意区,★⑥檤轮囬★,5,08-31,我的后半生,https://www.bilibili.com/video/BV1VFaGz9Eke/
创意区,★⑥檤轮囬★,6,08-24,我的前半生,https://www.bilibili.com/video/BV1bEeJzrEDs/
创意区,★⑥檤轮囬★,7,07-30,抽象妹妹,https://www.bilibili.com/video/BV11MhwzCErS/
创意区,★⑥檤轮囬★,8,07-06,脱胎换骨,https://www.bilibili.com/video/BV1QV3RzHEwP/
创意区,★⑥檤轮囬★,9,06-22,减重40斤！,https://www.bilibili.com/video/BV1UuNRzYEEv/
创意区,★⑥檤轮囬★,10,06-07,恋爱大女主,https://www.bilibili.com/video/BV1HrT3zzEoh/
创意区,唯一讲述者,1,12-24,煮蛋成神，吃蛋翻车，保质期只有8天的网红梦。,https://www.bilibili.com/video/BV1PiBjB7EBp/
创意区,唯一讲述者,2,12-21,高级傻X，是怎样炼成的？知识分子的四种幻觉！,https://www.bilibili.com/video/BV1RTqSBHEwt/
创意区,唯一讲述者,3,12-17,先诛影视飓风，后灭逍遥散人，再把品牌连坐，我即法度乾坤！,https://www.bilibili.com/video/BV1ToqVBGE5n/
创意区,唯一讲述者,4,12-15,某村支书碰瓷小米雷军的抽象营销：互联网真是太精彩辣~,https://www.bilibili.com/video/BV147m1BsEbb/
创意区,唯一讲述者,5,12-11,被群嘲哪吒仙饮和生态面包：穷人的钱为啥好骗不好赚？,https://www.bilibili.com/video/BV1uUmuBbEuQ/
创意区,唯一讲述者,6,12-05,唯一讲述者最抽象的一集！办鬼畜大赛鬼畜自己！鬼畜S1赛季活动开始！,https://www.bilibili.com/video/BV1YF25BkEdG/
创意区,唯一讲述者,7,12-03,滇二娃哈基米和蓝厂不需要女用户的宣发争议：有卧龙的地方……,https://www.bilibili.com/video/BV16cSaB1Eaz/
创意区,唯一讲述者,8,11-27,西贝营销公司华与华罗永浩再起争端：公开录音里会是什么内容呢？,https://www.bilibili.com/video/BV1zsSgBSEoK/
创意区,唯一讲述者,9,11-25,小米雷军su7前舱盖案开庭在即：雷总信任危机为何越陷越深？,https://www.bilibili.com/video/BV1hTUQBJE6F/
创意区,唯一讲述者,10,11-23,高市早苗疯狂挑衅中国赌国运？公关：你了不起！你清高！,https://www.bilibili.com/video/BV1n2UNBTEAK/
运动区,闫帅奇,1,12-25,挑战不带帐篷在南极户外生存1夜，能否成功？,https://www.bilibili.com/video/BV1sGB7BQEjj/
运动区,闫帅奇,2,12-24,到南极了，手都在抖！风景太梦幻太不真实！,https://www.bilibili.com/video/BV1JJBLBuEp4/
运动区,闫帅奇,3,11-21,第一次徒步居然干掉9个汉堡！难忘绝美海岸线徒步｜七大望东七娘山大雁顶望朗归东涌,https://www.bilibili.com/video/BV1PqU5BNEsc/
运动区,闫帅奇,4,11-10,健身情侣挑战人生第一座雪山，结果？【奥太娜雪山】,https://www.bilibili.com/video/BV1J3kfBuEmt/
运动区,闫帅奇,5,10-24,入睡困难、半夜总醒，99%的人都犯了这1个错。,https://www.bilibili.com/video/BV13qs7zEEgr/
运动区,闫帅奇,6,10-20,我试了外网上亿播放同款外骨骼，下巴惊掉了！,https://www.bilibili.com/video/BV1M1W1zXEba/
运动区,闫帅奇,7,09-24,人生第一座雪山，翻车了【哈巴雪山全记录】,https://www.bilibili.com/video/BV1riJQzEEie/
运动区,闫帅奇,8,09-16,爬雪山前做体检，竟发现内脏脂肪偏高！我体脂率是？,https://www.bilibili.com/video/BV14rp2znEVL/
运动区,闫帅奇,9,09-06,【高精力Vs低精力区别】如何提升精力？,https://www.bilibili.com/video/BV1VAaqzZEXj/
运动区,闫帅奇,10,08-15,用《大展鸿图》跳健身操？这是什么操作？？,https://www.bilibili.com/video/BV1gqbkzFEPZ/
运动区,北美运动学博士Bruce_PhD,1,12-29,2026年最差的4种补剂，千万别中招！运动学博士的深度解析,https://www.bilibili.com/video/BV1hhvmBgEXj/
运动区,北美运动学博士Bruce_PhD,2,12-01,全网独家！运动学博士Bruce连线大胃袋良子解读体检报告,https://www.bilibili.com/video/BV18CSkBoEs1/
运动区,北美运动学博士Bruce_PhD,3,11-15,我给外国职业拳手观赏了赵鸿刚扇耳光和鸽舞缘通背拳……,https://www.bilibili.com/video/BV1mdCTBgELn/
运动区,北美运动学博士Bruce_PhD,4,10-23,从走路困难到硬拉300kg，我是如何恢复腰突的｜含详细计划｜运动学博士的深度解析,https://www.bilibili.com/video/BV18jsqzeEUU/
运动区,北美运动学博士Bruce_PhD,5,10-04,【全网最详细】一口气讲完如何增宽肩膀5cm｜含详细计划｜运动学博士的深度解析【哔需练练】,https://www.bilibili.com/video/BV1AgxHzjEvb/
运动区,北美运动学博士Bruce_PhD,6,09-11,戒奖励，我是如何做到的｜健身要禁X吗？运动学博士教你如何重塑人生,https://www.bilibili.com/video/BV1f9HmzTEEV/
运动区,北美运动学博士Bruce_PhD,7,08-02,独家｜北美运动学博士深度分析堂主体检报告,https://www.bilibili.com/video/BV12dh4zmE31/
运动区,北美运动学博士Bruce_PhD,8,07-12,微胖圈传来噩耗!?运动学博士锐评胃袋恶魔良子,https://www.bilibili.com/video/BV1o5u5zrECe/
运动区,北美运动学博士Bruce_PhD,9,06-24,最强黄种人彻底报废？运动学博士深度锐评刘锐深蹲断手,https://www.bilibili.com/video/BV1GFKizDEjt/
运动区,北美运动学博士Bruce_PhD,10,05-30,一口气讲完六大鱼油谣言｜99%的人都中招!!运动学博士的深度解析,https://www.bilibili.com/video/BV1Bh7JzyE8L/
游戏区,怕上火暴王老菊,1,12-20,王老菊教你五色神雷,https://www.bilibili.com/video/BV11bq6BLEEv/
游戏区,怕上火暴王老菊,2,12-05,王老菊教你玩具元帅,https://www.bilibili.com/video/BV1dj2LBSEEa/
游戏区,怕上火暴王老菊,3,12-03,王老菊教你连携高手,https://www.bilibili.com/video/BV1cpSYBnEzq/
游戏区,怕上火暴王老菊,4,11-27,王老菊教你撒钱枪法,https://www.bilibili.com/video/BV19uUYBKEt8/
游戏区,怕上火暴王老菊,5,11-22,王老菊教你回溯剑法,https://www.bilibili.com/video/BV18fUHBAE49/
游戏区,怕上火暴王老菊,6,11-20,王老菊教你三刀攮死,https://www.bilibili.com/video/BV18CynBSETH/
游戏区,怕上火暴王老菊,7,11-10,王老菊教你推币仙人,https://www.bilibili.com/video/BV16dkSBjEDk/
游戏区,怕上火暴王老菊,8,11-07,王老菊教你探索末日,https://www.bilibili.com/video/BV1Cq2wBZE3Y/
游戏区,怕上火暴王老菊,9,11-02,王老菊教你密室糕手,https://www.bilibili.com/video/BV1Xt1FBAEJZ/
游戏区,怕上火暴王老菊,10,10-23,王老菊教你火星跑腿,https://www.bilibili.com/video/BV1hXsvzcEpD/
游戏区,龙崎棒棒糖,1,09-05,机甲不一定需要驾驶《机甲战魔 神话之裔》评测,https://www.bilibili.com/video/BV1bYawznEsB/
游戏区,龙崎棒棒糖,2,05-19,我为大唐复国土！大唐说我叛徒？,https://www.bilibili.com/video/BV15uERz6Eko/
游戏区,龙崎棒棒糖,3,04-30,医生，我嘴里长了颗树，还有救吗？《明末：渊虚之羽》故事解析,https://www.bilibili.com/video/BV16zGbzaERW/
游戏区,龙崎棒棒糖,4,04-07,活着，只为在旅途终点一死。,https://www.bilibili.com/video/BV1HbRUYSEUk/
游戏区,龙崎棒棒糖,5,03-21,碰到怪就吸血？怪猎荒野回血大法心得分享,https://www.bilibili.com/video/BV1SwXrYKEe5/
游戏区,龙崎棒棒糖,6,03-04,大炮打蚊子？英特尔U7 265K救得了怪猎荒野吗？,https://www.bilibili.com/video/BV1Wk9EYvEUJ/
游戏区,龙崎棒棒糖,7,2024-12-09,到底是人是鬼？一试便知《燕云十六声》终测试玩,https://www.bilibili.com/video/BV1UYqPY4EUf/
游戏区,龙崎棒棒糖,8,2024-12-01,人类灭绝后，反而成了神？《荒野起源》首曝PV剧情猜想,https://www.bilibili.com/video/BV1RuzHY9EYt/
游戏区,龙崎棒棒糖,9,2024-09-25,千万世的豪赌，箍困不住他吗？《黑神话悟空》世界观故事-果篇2（西行起因+黄风岭）,https://www.bilibili.com/video/BV1MLsmevEYw/
游戏区,龙崎棒棒糖,10,2024-09-23,神佛饮血吗？《黑神话：悟空》上古故事-果篇1,https://www.bilibili.com/video/BV141t5e2E4V/
游戏区,龙四爷攻略组,1,12-29,终末地物理队伍推荐,https://www.bilibili.com/video/BV1vEvpBGEhQ/
游戏区,龙四爷攻略组,2,12-29,终末地别礼队伍推荐,https://www.bilibili.com/video/BV1yPvmBZEpM/
游戏区,龙四爷攻略组,3,12-28,终末地伊冯队伍推荐,https://www.bilibili.com/video/BV1zfvBBFESW/
游戏区,龙四爷攻略组,4,12-28,终末地莱万汀队伍推荐,https://www.bilibili.com/video/BV1E7viBnEa4/
游戏区,龙四爷攻略组,5,12-27,终末地抽卡推荐和开服注意事项,https://www.bilibili.com/video/BV1i6ByB7EZn/
游戏区,龙四爷攻略组,6,12-27,明日方舟终末地内测测评,https://www.bilibili.com/video/BV1EUBzBqEyn/
游戏区,龙四爷攻略组,7,12-26,鸣潮琳奈全面测评,https://www.bilibili.com/video/BV1X8BoBkEsr/
游戏区,龙四爷攻略组,8,12-21,有彩蛋的瓦雷莎复刻省流教学,https://www.bilibili.com/video/BV1VqqCBqEMv/
游戏区,龙四爷攻略组,9,12-18,绝区零般岳测评及打法分享,https://www.bilibili.com/video/BV1r8qLBBEz8/
游戏区,龙四爷攻略组,10,12-16,月之三深渊12层教学,https://www.bilibili.com/video/BV1Ukq8BdEJw/
游戏区,Leah莉娅又迟到啦,1,12-27,母单被催婚，相亲谁都看不上怎么办？,https://www.bilibili.com/video/BV1SPBBBmEA9/
游戏区,Leah莉娅又迟到啦,2,12-20,绝区零又放大招？这下不得不回坑了啊！！,https://www.bilibili.com/video/BV1CuqzBgEQd/
游戏区,Leah莉娅又迟到啦,3,12-16,6.2月之三新深渊满星教学！平民龙王+火神，简单无脑有手就行！,https://www.bilibili.com/video/BV1heqtBWEi7/
游戏区,Leah莉娅又迟到啦,4,12-10,月之三6.2幽境危战难度5攻略，没抽新角色也能轻松通关！,https://www.bilibili.com/video/BV15AmsB5Eeb/
游戏区,Leah莉娅又迟到啦,5,12-07,杜林强度到底如何？用他来推测一下未来魔导队的设计思路！,https://www.bilibili.com/video/BV1AY2RBGE7r/
游戏区,Leah莉娅又迟到啦,6,12-06,什么代肝圣体？有新xp就练个小号，再抽一模一样的角色？！,https://www.bilibili.com/video/BV1Cj2WBQEx6/
游戏区,Leah莉娅又迟到啦,7,12-06,【江山北望】世之之争权谋影游，全流程通关实况,https://www.bilibili.com/video/BV1dk2EBbEvu/
游戏区,Leah莉娅又迟到啦,8,11-30,弹幕：“梭哈昔涟，不可能不出的！”,https://www.bilibili.com/video/BV1wWSvBtECM/
游戏区,Leah莉娅又迟到啦,9,11-26,杜林最适配的队伍有哪些？辅助流+输出流全方位评测！,https://www.bilibili.com/video/BV1AtUhBLEi5/
游戏区,Leah莉娅又迟到啦,10,11-23,米哈游新作《Varsapura》曝光！颠覆印象的画风和世界观，会是下一个爆款嘛？！,https://www.bilibili.com/video/BV1nkUABwEUg/
游戏区,月爱,1,12-26,【王者皮肤排行10】我们阿离穿什么都像是在玩cosplay,https://www.bilibili.com/video/BV1tWB5BmEF3/
游戏区,月爱,2,12-20,【巅峰数据排行136】这个游戏只能有一个元流之子？,https://www.bilibili.com/video/BV1EjqzBvEs1/
游戏区,月爱,3,12-18,李信这波“纯加强”,https://www.bilibili.com/video/BV1cPqWBbEaA/
游戏区,月爱,4,12-15,【巅峰数据排行135】神秘话痨女无情偷分？全图可飞男冲破防线！,https://www.bilibili.com/video/BV1qim1BGEum/
游戏区,月爱,5,11-22,【巅峰数据排行134】装备也有高低贵贱？超过半数英雄都要出ta！,https://www.bilibili.com/video/BV1RbUsBJEUG/
游戏区,月爱,6,11-20,删了三天也无人在意,https://www.bilibili.com/video/BV18KywBAEjf/
游戏区,月爱,7,11-18,【巅峰数据排行133】神秘中单法王来袭,https://www.bilibili.com/video/BV1iuygBAEFo/
游戏区,月爱,8,11-15,【王者皮肤排行09】“欢迎来到对抗路！”,https://www.bilibili.com/video/BV16gCgBBESb/
游戏区,月爱,9,11-13,问了吗？在问了！问了吗？再问删了！,https://www.bilibili.com/video/BV1g6CxBPEW5/
游戏区,月爱,10,11-08,【巅峰数据排行132】“来个小明 我带飞！”,https://www.bilibili.com/video/BV1u41XByEFn/
游戏区,刀客阿林,1,12-29,雕哥公布凯西杯名单，叫了蛋饼说打不了；眼子手是被圈外人弄断的；原计划这届没鸡哥的,https://www.bilibili.com/video/BV1kxvWBxES1/
游戏区,刀客阿林,2,12-29,"老东京和Nightfall给选手排名（430,Ame,Topson,奇迹哥.....）",https://www.bilibili.com/video/BV1jJvsBJEoT/
游戏区,刀客阿林,3,12-28,YYF：眼子喝酒掰手腕骨折挺严重的；1月凯西杯奖金50W,https://www.bilibili.com/video/BV1xavrBLEXJ/
游戏区,刀客阿林,4,12-26,Ame一选鸡哥带躺，鸡哥反手开始点评引导,https://www.bilibili.com/video/BV1zeBYBXEoF/
游戏区,刀客阿林,5,12-26,鸡哥整顿直播间弹幕风气，有些弹幕对FG恶意太大了，封了！,https://www.bilibili.com/video/BV1PTBoBbE6n/
游戏区,刀客阿林,6,12-25,【三视角】XinQ皮鞋把雕哥哄成胎盘“你1-6但是作用很大”,https://www.bilibili.com/video/BV13zBSBWEXn/
游戏区,刀客阿林,7,12-24,【鸡哥超绝奶量】又看到我心爱的卡神在4+2里被羞辱，心好痛,https://www.bilibili.com/video/BV1rkBjBGEiD/
游戏区,刀客阿林,8,12-22,蒜头邀请拒绝者加入战队，复出了？；拒绝者解说焦哥毛哥皮鞋天梯“周海洋真不是楞啊”,https://www.bilibili.com/video/BV1s9B4B1EDE/
游戏区,刀客阿林,9,12-22,雕哥：FG粉丝多声音就大，塞拉每次喝醉了都感谢我，我不圆滑但真诚,https://www.bilibili.com/video/BV1niBWB8Ey5/
游戏区,刀客阿林,10,12-20,黄旭东又发力了！流放2美杜莎看谁谁死,https://www.bilibili.com/video/BV1KUqrBHEHw/
游戏区,青木菌Aoki,1,12-29,杨院士比赛看谁谁输 引出蝴蝶效应 我妈跟你们都有关系 新理论主播就像皇帝,https://www.bilibili.com/video/BV1U9BhBcEwL/
游戏区,青木菌Aoki,2,12-27,菜哥：今天干所有 什么杨哥包哥光哥 我全特么干掉,https://www.bilibili.com/video/BV1MTBBB2EuP/
游戏区,青木菌Aoki,3,12-24,【流放之路2】带黄旭东打Boss 小刘一上来就丢根棍子让黄哥叼着 黄哥：小刘真有东西,https://www.bilibili.com/video/BV1bwBLBDESV/
游戏区,青木菌Aoki,4,12-22,西藏班子开庭抓醋 票型3:1 fg：我不认啊 找鲷法官复盘 最终定罪阿龙,https://www.bilibili.com/video/BV1ppBJBXEin/
游戏区,青木菌Aoki,5,12-20,主持人问森哥还怀念跟查理斯maybe一起直播的日子吗 Fy：现在不去想“这些东西”了,https://www.bilibili.com/video/BV1uHBABJETk/
游戏区,青木菌Aoki,6,12-20,莫森白牛TK组合 赏心悦目的进攻 石头人无力招架 XG晋级4强,https://www.bilibili.com/video/BV1DZBAB9Ei2/
游戏区,青木菌Aoki,7,12-20,莫言9-1小小游龙 森之花仙子 行云流水的进攻 XG 1:0 Tundra,https://www.bilibili.com/video/BV1fCBABPEG5/
游戏区,青木菌Aoki,8,12-19,Ame森哥惊天残局2V4 全员状态在线 XG 2:0爆杀Falcons,https://www.bilibili.com/video/BV1jHBFBXEMb/
游戏区,青木菌Aoki,9,12-19,Ame鸟人首秀 X哥兽团战输出爆炸 XG 1:0 Falsons领先,https://www.bilibili.com/video/BV1pUBFBPEh2/
游戏区,青木菌Aoki,10,12-18,Sylar冰女补刀3600送弹幕3K 被360水友诈骗200气不过打电话追回100 搞耍无所谓 被玩弄就很难受！,https://www.bilibili.com/video/BV1Z9qGBsErn/
游戏区,dogsama,1,15小时前,为科学而死，为你揭晓拉海洛的重大谜题《鸣潮3.0》剧情深度解读,https://www.bilibili.com/video/BV1fCv8BMEBD/
游戏区,dogsama,2,12-28,从奴隶到战神，为弱者而举枪《银与绯》半周年剧情解读,https://www.bilibili.com/video/BV16cvrBiEPN/
游戏区,dogsama,3,12-27,火爆全网的轰炸流肉鸽，还能再现辉煌吗？《魔法工艺》究竟怎么样？,https://www.bilibili.com/video/BV1XwBkBvEhU/
游戏区,dogsama,4,12-26,无限繁衍VS虚空吞噬，拉海洛世界观解读《鸣潮 3.0》剧情深度解读,https://www.bilibili.com/video/BV1s6BaBfEjo/
游戏区,dogsama,5,12-25,枪杆子里出政权《少女前线2：追放》铸碑者的黎明剧情深度解读,https://www.bilibili.com/video/BV1NQBSBLExb/
游戏区,dogsama,6,12-24,剧情翻盘？是以身入局还是阴谋布局？《二重螺旋 大风歌》华胥剧情解读,https://www.bilibili.com/video/BV1JLBVBPEfs/
游戏区,dogsama,7,12-22,TGA不敢吹，那我可要吹了！今年必玩的《天国拯救2》才应该是最佳叙事！,https://www.bilibili.com/video/BV1BqBWBfE2d/
游戏区,dogsama,8,12-21,3.0剧情前瞻，毁灭一切VS生命延续，这才是3.0的故事核心《鸣潮》剧情深度解读,https://www.bilibili.com/video/BV1mvqUBVE2B/
游戏区,dogsama,9,12-19,该出手了，今年哪款潜行跑酷值得一玩？,https://www.bilibili.com/video/BV1umqoBME9T/
游戏区,dogsama,10,12-16,最鲜PV解读,https://www.bilibili.com/video/BV1xbqhBsEJR/
影视综,一条闲木鱼,1,12-27,新政进入深水区！收手吧雍正，外面都是旗人！【雍正王朝十级学者】第45回,https://www.bilibili.com/video/BV1kLBiBaETW/
影视综,一条闲木鱼,2,12-20,咎由自取？君要臣死？年羹尧究竟为何而死？【雍正王朝十级学者】第44回,https://www.bilibili.com/video/BV1ikqBBZEsB/
影视综,一条闲木鱼,3,12-13,疯狂作死！年羹尧点爆清流与雍正之战！【雍正王朝十级学者】第43回,https://www.bilibili.com/video/BV1nzm7BiEhH/
影视综,一条闲木鱼,4,12-06,程序正义如何变成坏人的保护伞？李卫教你以恶制恶！【雍正王朝十级学者】第42回,https://www.bilibili.com/video/BV1qv2jB4ESU/
影视综,一条闲木鱼,5,11-29,新政？暴政？雍正改革为什么争议巨大！【雍正王朝十级学者】第41回,https://www.bilibili.com/video/BV1bwSJB4Ei2/
影视综,一条闲木鱼,6,11-22,最后通牒！年羹尧丧失了多少自救机会？【雍正王朝十级学者】第40回,https://www.bilibili.com/video/BV1HvyMBqEm1/
影视综,一条闲木鱼,7,11-15,将军恩情还不完？雍正为何容忍年羹尧【雍正王朝十级学者】第39回,https://www.bilibili.com/video/BV1CsCuBuEHS/
影视综,一条闲木鱼,8,11-08,大清没有强势太监？因为大清人人是太监！【雍正王朝十级学者】！第38回,https://www.bilibili.com/video/BV17p2gB3Eft/
影视综,一条闲木鱼,9,10-25,摇滚青年年羹尧，叛逆灭爸手段高！【雍正王朝十级学者】！第37回,https://www.bilibili.com/video/BV1AnsHz1EDs/
影视综,一条闲木鱼,10,10-18,空降领导，如何服众？年羹尧职场教学！【雍正王朝十级学者】！第36回,https://www.bilibili.com/video/BV1jcWJzoEk1/
影视综,木鱼水心,1,12-12,全年无休，却一事无成？为了政绩，他拿下属做筹码…,https://www.bilibili.com/video/BV1HammBXEAf/
影视综,木鱼水心,2,12-01,爬到顶峰需要几步？当你拿到钥匙的那一刻，才是这套「铁打规则」猎杀的开始！,https://www.bilibili.com/video/BV1o9S1B2EeF/
影视综,木鱼水心,3,11-26,丑闻危机！「内鬼」竟是我老板？,https://www.bilibili.com/video/BV1y1UaBQEo5/
影视综,木鱼水心,4,11-07,一个签名，至于吗?,https://www.bilibili.com/video/BV1P32gBUEgP/
影视综,木鱼水心,5,11-01,他为何坚决不辞职？史上最「年轻」却最「硬核」的狠人,https://www.bilibili.com/video/BV1841uBREDP/
影视综,木鱼水心,6,10-28,我们迷恋的，真的是电影吗？,https://www.bilibili.com/video/BV1yuyrBYEsc/
影视综,木鱼水心,7,10-18,被恐怖组织写入暗杀名单，他活下来的原因，竟是对他最大的羞辱？,https://www.bilibili.com/video/BV14oW4zaEHQ/
影视综,木鱼水心,8,09-30,杀死一个国王，分掉290万亿！一口气读懂人类权力游戏的底层代码,https://www.bilibili.com/video/BV1jgnUzYE7w/
影视综,木鱼水心,9,09-25,打造最完美的「零差评」医院，竟如此简单？,https://www.bilibili.com/video/BV1UXnbzwEch/
影视综,木鱼水心,10,09-12,为什么有些画面，我们一辈子都忘不掉？,https://www.bilibili.com/video/BV1ciHrzxESn/
影视综,CC琦先生,1,12-25,【CC放映室】回忆杀！最适合圣诞夜重温的电影，万字精讲经典家庭喜剧《小鬼当家》,https://www.bilibili.com/video/BV1DKBQB9EJe/
影视综,CC琦先生,2,12-07,爽爽爽！2025年末神剧，宁古塔流犯逆袭“商王”，古装传奇剧《大生意人》,https://www.bilibili.com/video/BV1y7mFBoEyB/
影视综,CC琦先生,3,11-30,【CC放映室】一台“艳遇手机”，揭露都市爱情的真相，万字解析经典都市喜剧《爱情呼叫转移》,https://www.bilibili.com/video/BV1YsSiB1ELF/
影视综,CC琦先生,4,11-22,中国喜剧界的“扫地僧”，跨界开嗓再填惊喜！魏翔的23年励志逆袭路,https://www.bilibili.com/video/BV1UqUnBtEE3/
影视综,CC琦先生,5,10-27,【CC放映室】佳作！70岁老人们的奇幻冒险，《落叶归根》导演冷门好片，温情解读电影《飞越老人院》,https://www.bilibili.com/video/BV1F9s1z3ELm/
影视综,CC琦先生,6,10-01,【闯关东】全网最全！爆肝15w字超细解说，一口气看完年代史诗巨作《闯关东》！适合收藏陪睡~,https://www.bilibili.com/video/BV1B1HnzZEHv/
影视综,CC琦先生,7,09-27,【CC放映室】众星云集！15年前的搞怪武侠，竟藏了这么多彩蛋！爆笑解说经典武侠喜剧《大笑江湖》,https://www.bilibili.com/video/BV1y6nEz8ERK/
影视综,CC琦先生,8,09-20,【闯关东】国恨家仇！传武壮烈牺牲，朱开山手刃日本禽兽。万字精讲年代史诗巨作《闯关东》大结局,https://www.bilibili.com/video/BV1RBpXz2EQi/
影视综,CC琦先生,9,09-03,【CC放映室】弹棉花名场面！反差叔侄一心抗日，护送情报笑料百出！经典喜剧《巧奔妙逃》,https://www.bilibili.com/video/BV1qhagz9EUw/
影视综,CC琦先生,10,09-01,【闯关东】忘恩负义！一郎倒戈夺取山河煤矿，秀儿为求真爱离开朱家，万字精讲年代史诗巨作《闯关东》P13,https://www.bilibili.com/video/BV1HnaJzpEwN/
影视综,开心嘴炮,1,12-26,2025年度狗血抽象巅峰！四个孕妇大战三个妈！万字解说《四喜》,https://www.bilibili.com/video/BV1pUBeBwEcv/
影视综,开心嘴炮,2,12-23,大厂精英被逼辞职?当老板还要被催婚?企二代遇上打压式教育!给我看的心服口服！,https://www.bilibili.com/video/BV1yyBpBNEuo/
影视综,开心嘴炮,3,12-16,离异姐姐与资助的高三男学生同居！没有边界的越轨暧昧也叫甜？！《狙击蝴蝶》吐槽,https://www.bilibili.com/video/BV1wvqhBnEHo/
影视综,开心嘴炮,4,12-09,00后待爆花打响2025气炸全网第一炮！这一年真是没白等,https://www.bilibili.com/video/BV1K22yBXEH2/
影视综,开心嘴炮,5,11-28,假装人体实验，实则吃人恶妖！都市志怪《枭起青壤》,https://www.bilibili.com/video/BV18RSjBsEjA/
影视综,开心嘴炮,6,11-18,卢浮宫是惊天魔盗团偷的？！我从未见过这么会整活的电影,https://www.bilibili.com/video/BV19dyGBBEkh/
影视综,开心嘴炮,7,11-14,梗上长了个探案悬疑剧！《唐朝诡事录3》全是活人在追啊！,https://www.bilibili.com/video/BV19vCtB5EbF/
影视综,开心嘴炮,8,11-12,别人家死七口人，你穿红衣去求婚？！逆天抽象古偶《山河枕》吐槽,https://www.bilibili.com/video/BV1VxkmBFEPn/
影视综,开心嘴炮,9,11-05,一档选秀引发八大平台内斗！尚雯婕也没想到这节目这么大胆！,https://www.bilibili.com/video/BV1N71HBnE4e/
影视综,开心嘴炮,10,10-30,偶像剧应该怎么拍？明道给你指条明道,https://www.bilibili.com/video/BV1Sqy8ByEtP/
影视综,前进四放映室,1,12小时前,农民苦 农村穷 农业真危险！源头在哪？两万字拆解中国农业（上）,https://www.bilibili.com/video/BV1tVvvBPEWN/
影视综,前进四放映室,2,12-28,“强兼”苹果谁更强？,https://www.bilibili.com/video/BV1iBByBUEop/
影视综,前进四放映室,3,12-21,中国电影早期的“黄金十年”？,https://www.bilibili.com/video/BV14JqSBVETZ/
影视综,前进四放映室,4,12-15,看电影懂中国（三）·晚清民国如何审核电影？！,https://www.bilibili.com/video/BV1vdmyBzEDZ/
影视综,前进四放映室,5,12-13,抗日电影为何总自我矮化？文艺界为何总出“汉奸”？,https://www.bilibili.com/video/BV1WYmQBBEGu/
影视综,前进四放映室,6,12-05,“工人剥削农民？”谁在替农民喊冤？从梁漱溟开始拆穿工农对立的谎言,https://www.bilibili.com/video/BV1E927BAEW5/
影视综,前进四放映室,7,11-29,魅族的二十年：一杯敬明天 一杯敬友商。,https://www.bilibili.com/video/BV1XLSnBiEni/
影视综,前进四放映室,8,11-21,中国文艺界为啥老出“汉奸”？咱们给你往祖坟上刨！ 下集,https://www.bilibili.com/video/BV1LaULB4ErY/
影视综,前进四放映室,9,11-18,全网最坦诚的渣男访谈 上集,https://www.bilibili.com/video/BV1jgyGBgESn/
影视综,前进四放映室,10,11-14,江西婚礼复盘总结,https://www.bilibili.com/video/BV1vrCuBtEj9/
数分,不知渭河-数据分析版,1,11-29,数据分析想要驱动业务，就不要太追求方法正确,https://www.bilibili.com/video/BV1sBSFBcEw1/
数分,不知渭河-数据分析版,2,11-16,新手/转行数据分析师每天都是杂活怎么办？,https://www.bilibili.com/video/BV1onCdBtE1Z/
数分,不知渭河-数据分析版,3,11-01,数据分析案例实践-如何制定一个评分体系？,https://www.bilibili.com/video/BV1y91LBhEw4/
数分,不知渭河-数据分析版,4,10-25,别傻了，数据分析师其实并不承担分析决策的能力,https://www.bilibili.com/video/BV1NAsfzXEZV/
数分,不知渭河-数据分析版,5,08-24,数据分析师26届秋招求职攻略,https://www.bilibili.com/video/BV18xeHzyEcm/
数分,不知渭河-数据分析版,6,08-11,在数据分析转行的路上，希望你没有因为这个花太多时间,https://www.bilibili.com/video/BV1j6bNzaEx1/
数分,不知渭河-数据分析版,7,07-13,低能量人为什么不适合进互联网大厂,https://www.bilibili.com/video/BV1Suuwz4E52/
数分,不知渭河-数据分析版,8,04-29,为什么互联网数据分析师的活是干不完的？,https://www.bilibili.com/video/BV1YdLmz5Ecs/
数分,不知渭河-数据分析版,9,04-07,如果从一开始就用AI学习数据分析……,https://www.bilibili.com/video/BV1DZZUY6Exq/
数分,不知渭河-数据分析版,10,03-29,为什么越来越多的岗位要求垂类经验？如何破局？,https://www.bilibili.com/video/BV1m6ZwYiEPg/
